file name,transcript,cleaned_text,personality
0002f70f7386445b.wav," Hi, my name is Patricia Brown. I lost my debit card. Can you send me a new one? My debit card. Yes, my debit card. No, that was going to be it. Bye. Bye.",hi name patricia brown lost debit card send new one debit card yes debit card going bye bye,
004860b1ab2e4c88.wav," Hi, my name is Mary Smith. I lost my credit card. You sent me a new one. I'm not a credit card. No, that was going to be it.",hi name mary smith lost credit card sent new one im credit card going,
0091a706bc604188.wav," Hi, my name is Elizabeth Davis. I need to check my account balance. Hi, checking your account. Thank you. That was going to be it. That was going to be it. Right.",hi name elizabeth davis need check account balance hi checking account thank going going right,
00d676d7058c49bb.wav, My name is Robert Johnson. I would like to transfer money between my accounts. The amount is $135 savings. Checking. You too.,name robert johnson would like transfer money account amount saving checking,
00f7dce6fc3849a2.wav," Hi, my name is Linda Brown. I lost my credit card. Can you send me a new one? My credit card. No, thank you.",hi name linda brown lost credit card send new one credit card thank,
010d38f5ada54e0d.wav," Hi, my name is James Miller. I would like to check my account balance. My savings account. No, thank you. How is that? YouTube.",hi name james miller would like check account balance saving account thank youtube,
010eaccb7a23436f.wav," Hi, my name is Linda Garcia. I would like to schedule an appointment Monday. 11 a.m. Thank you so much. You too, bye bye.",hi name linda garcia would like schedule appointment monday thank much bye bye,
0126ffdce48049a9.wav," Hi, Mary. My name is David Jones. I wanted to know the local branch hours. Thank you. No, that will be all. Thank you. You too. Bye now. You too. Bye now.",hi mary name david jones wanted know local branch hour thank thank bye bye,
0188295665114e74.wav," Hi, my name is Patricia Brown. I need to check my account balance. My savings account. Great. Thank you so much. That's it. You too, take care.",hi name patricia brown need check account balance saving account great thank much thats take care,
01cefd6f5c044a6f.wav," Hi, my name is John Garcia. I would like to reset my password. I would like to reset my password. 715-139-0787. No, that's all there help I needed today. Thank you. You're a sore. Bye.",hi name john garcia would like reset password would like reset password thats help needed today thank youre sore bye,
01f7ec3700424bc0.wav," Yes, hello. This is Robert Jones. I would like to know what your local branch hours are, please. Certainly, ... No, I think that will be it. Thank you very much. You too. Bye-bye.",yes hello robert jones would like know local branch hour please certainly think thank much byebye,
020e48edcf0940a4.wav," Hi, my name is Jennifer Brown. I would like to transfer money between my account. The amount is $146. In total, I have a second account saved in account of the accounts themselves When I find a second account, I will write the down down below No, that is all I needed help with today. Thank you for your help. No, that's all I needed to help with today. Thank you so much for your help. You too. Bye-bye.",hi name jennifer brown would like transfer money account amount total second account saved account account find second account write needed help today thank help thats needed help today thank much help byebye,
021cd80ca7cc464b.wav," Hi, my name is also Robert. Robert Jones. I need to check my account balance. I like checking account. No, that will be it. Thank you. Thank you.",hi name also robert robert jones need check account balance like checking account thank thank,
0224c92b64d144d4.wav," Hi, my name is John Garcia. I would like to reset my password. My phone number is 245-496-9863. No, that's all that I need for today. Thank you very much for your help. Thank you. Bye-bye.",hi name john garcia would like reset password phone number thats need today thank much help thank byebye,
02b03e407894474b.wav," Hi, my name is Robert Davis. I lost my credit card. Can you send me a new one? My credit card. No, that's it. Thank you. You too.",hi name robert davis lost credit card send new one credit card thats thank,
02e41649e7c441fd.wav," Hi, my name is Jennifer Williams, and I need a new checkbook. My address is 001. Main, that's MAINs, Street, and that's Enforced Ranch, California. The zip code is 702-3. Sure, I'm sorry, it's 702-3. Now, that'll be all. Thank you very much. You too. Bye.",hi name jennifer williams need new checkbook address main thats main street thats enforced ranch california zip code sure im sorry thatll thank much bye,
02fd023b18d246d0.wav," Hello, I need a new checkbook. 910 First Street, Forest Ranch, California. 7 8 3 11 9 10 1st Street, Forest Ranch, California. 7 8 3 11. Thank you so much. That's all. Have a great day.",hello need new checkbook first street forest ranch california st street forest ranch california thank much thats great day,
0317f95f3d7441c5.wav," Hi, my name is James Smith. I needed to check my account balance. My savings account. All right, thank you. No, that'll be all.",hi name james smith needed check account balance saving account right thank thatll,
034a32d3b6e4435a.wav," Hi, my name is Mary Wilson. I would like to pay a bill. I'm sorry, what was that? I would like to pay a bill. The company is fossil gas. The address is 0, 7, 6, 1st Street, Harper Valley, California, 6, 3, 4, 5, 3. The amount of the bill is $113. No, that's going to be it. Thank you.",hi name mary wilson would like pay bill im sorry would like pay bill company fossil gas address st street harper valley california amount bill thats going thank,
035edd1d09c1433e.wav," Oh, I just need to check my account balance, please. My checking account. Oh, I'm sorry. No, my settings count. My settings. Okay. Perfect. That's great. Okay. Thank you so much. I'm not. I don't think so. I think that's it. You've been very helpful. YouTube. Bye.",oh need check account balance please checking account oh im sorry setting count setting okay perfect thats great okay thank much im dont think think thats youve helpful youtube bye,
0377245f73a54480.wav," Hi, my name is Elizabeth Garcia. I would like to transfer money between my accounts. 86 dollars from my checking account into my savings account. No doubt I will be it. You too.",hi name elizabeth garcia would like transfer money account dollar checking account saving account doubt,
0395f6997a8e4836.wav," Hi, my name is David Johnson. I would like to transfer money between my accounts. The amount is $122. I'm going to transfer my checking account. to my savings account. Thank you. I got a little bit. Thank you.",hi name david johnson would like transfer money account amount im going transfer checking account saving account thank got little bit thank,
03a17cc36d474151.wav," Hi, my name is David Wilson. I would like to pay a bill. The company is Smart Electric. The address is 552, Main Street, Harper Valley, California, 41912. Yes. The amount of the bill is $132.",hi name david wilson would like pay bill company smart electric address main street harper valley california yes amount bill,
03aad8e17c8d4d81.wav," Hi, my name is James. My name is John Miller. I would like to pay a bill. The company is Fawful Gas. The address is 871, Main Street, Hartburg, Rally, California. 81623. The amount of the bill is $103. Yes, it's $103. No, that's going to be it for today. You too, bye.",hi name james name john miller would like pay bill company fawful gas address main street hartburg rally california amount bill yes thats going today bye,
03df1bec638a46e6.wav," Hi, my name is David Miller. I'd like to paint a bill. Fossil gas. 9301st Street. Forest Ranch. Oregon. 60297. 92 dollars. No, that's it. Thank you.",hi name david miller id like paint bill fossil gas st street forest ranch oregon dollar thats thank,
03fccf2cf2254435.wav," Hi, my name is Michael Smith. I need a new checkbook. My address is 421 1st Street, Upper Valley, California, 05418. 05418. Yup. I hope that's going to do it actually. Thank you.",hi name michael smith need new checkbook address st street upper valley california yup hope thats going actually thank,
040f493852fe4553.wav," Hi, my name is Mary Smith. I would like to transfer money between my accounts. The amount is $126. From my savings account to my checking account. From my savings account to my checking account.",hi name mary smith would like transfer money account amount saving account checking account saving account checking account,
04a1020bb9bc4a45.wav," Oh, okay. Yeah, my name is Mary Smith and I was wondering if you could tell me what are the local branch and the local branch. Okay. Okay. Everyday. Monday through Saturday or everything. No, I think that's all you've been very helpful. Thank you. You have a great day. Yes. Okay. Thanks. Bye.",oh okay yeah name mary smith wondering could tell local branch local branch okay okay everyday monday saturday everything think thats youve helpful thank great day yes okay thanks bye,
04a13b358adb4eff.wav," Hi, my name is Michael Rodriguez. I lost my card. Can you send me a new one? My credit card. No, that was every time.",hi name michael rodriguez lost card send new one credit card every time,
056d09d7b63046e3.wav," Hi, my name is also Michael. The last name is, I'd like to schedule an appointment. That would be Tuesday, please. 4.30 p.m. Yes, that will be all. Thank you.",hi name also michael last name id like schedule appointment would tuesday please pm yes thank,
057d15ba6b9044d2.wav," Hi, my name is Robert Wilson. I lost my credit card. Can you send me a new one? Is my credit card? No, that will be all. Thank you. Okay, bye.",hi name robert wilson lost credit card send new one credit card thank okay bye,
05b6534dc3294138.wav," Hi. Sorry, may I miss Michael Rodriguez? I would like to transfer money between my account. The amount is $81. From my checking account. Can I savings account?",hi sorry may miss michael rodriguez would like transfer money account amount checking account saving account,
05c33cbd2c514f06.wav," Hi, my name is Linda Garcia. I need to check my account balance. My savings account. No, thank you. That was it.",hi name linda garcia need check account balance saving account thank,
05c6e20d983b4804.wav," Hi, my name is Jean Garcia. I need to check my account balance. I'm not saying it's account. Okay, thank you. Not that'll be it today. Be too.",hi name jean garcia need check account balance im saying account okay thank thatll today,
05e4cfa661ed4215.wav," Hi, my name is Linda Davis. I would like to schedule an appointment. Thursday at 10.30 a.m. Now that you thank you.",hi name linda davis would like schedule appointment thursday thank,
0002f70f7386445b.wav," Hi, my name is Patricia Brown. I lost my debit card. Can you send me a new one? My debit card. Yes, my debit card. No, that was going to be it. Bye. Bye.",hi name patricia brown lost debit card send new one debit card yes debit card going bye bye,
00d676d7058c49bb.wav," My name is Robert Johnson. I would like to transfer money between my accounts. The amount is $135 savings. Checking. Thank you. You too, bye-bye.",name robert johnson would like transfer money account amount saving checking thank byebye,
00f7dce6fc3849a2.wav," Hi, my name is Linda Brown. I lost my credit card. Can you send me a new one? My credit card. No, thank you.",hi name linda brown lost credit card send new one credit card thank,
01cefd6f5c044a6f.wav," Hi, my name is John Garcia. I would like to reset my password. I would like to reset my password. 715-139-0787. No, that's all there help I needed today. Thank you. You're a sore. Bye.",hi name john garcia would like reset password would like reset password thats help needed today thank youre sore bye,
01f7ec3700424bc0.wav," Yes, hello. This is Robert Jones. I would like to know what your local branch hours are, please. Certainly. Okay, thank you very much. No, I think that will be it. Thank you very much. You too. Bye-bye.",yes hello robert jones would like know local branch hour please certainly okay thank much think thank much byebye,
02b03e407894474b.wav," Hi, my name is Robert Davis. I lost my credit card. Can you send me a new one? My credit card. No, that's it. Thank you. You too.",hi name robert davis lost credit card send new one credit card thats thank,
02e41649e7c441fd.wav," Hi, my name is Jennifer Williams, and I need a new checkbook. My address is 001. Main, that's MAINs, Street, and that's Enforced Ranch, California. The zip code is 702-3. Sure, I'm sorry, it's 702-3. Now, that'll be all. Thank you very much. You too. Bye.",hi name jennifer williams need new checkbook address main thats main street thats enforced ranch california zip code sure im sorry thatll thank much bye,
0a37e848a9c04e0c.wav," Hello. My name is James Brown. I would like to schedule a appointment. I would like to start with a few questions. Sorry for the pause. 345 PM. No, I think that will be all. Thank you very much.",hello name james brown would like schedule appointment would like start question sorry pause pm think thank much,
0a6f57765f4641a2.wav," Hi, my name is Patricia Jones. I would like to transfer money between my accounts. The amount is $102. From my checking account to my savings account. Thank you. No, that was all. Thank you. Bye.",hi name patricia jones would like transfer money account amount checking account saving account thank thank bye,
0a70acb6ef0c4e89.wav," I need a new checkbook, please. It's 757 First Street, where first is spelled F-I-R-F-T, Harper Valley, Oregon, and the zip code is 64735. Sure, it's 64735. Great! That's all I needed. Thank you very much. Thank you.",need new checkbook please first street first spelled firft harper valley oregon zip code sure great thats needed thank much thank,
0a76782d6ee84f73.wav," Hi, my name is John Miller. I love my debit card. Can you send me a new one? Yes, my debit card. I think it's grandma's name? Yes, aunt. Okay, I'll go page 6, so it's parent Tom. I think I can repeated this book in need of money. I live on a吧onseki ship. It's like the Inde plates are a bunch and so. You Didn't any of",hi name john miller love debit card send new one yes debit card think grandma name yes aunt okay ill go page parent tom think repeated book need money live aonseki ship like inde plate bunch didnt,
0a9e9e9be6634e38.wav," Hi, my name is Linda Miller. I would like to schedule an appointment Tuesday. 30 p.m. if you have it. No, that'll be all, thank you.",hi name linda miller would like schedule appointment tuesday pm thatll thank,
0ade4b6adcf941f0.wav," Hi, my name is Mary Davis. What are your local branch hours? What are the local branch hours? No, thank you. Thank you. Bye-bye.",hi name mary davis local branch hour local branch hour thank thank byebye,
0afb6248e8dc45e1.wav," Hi, my name is Mary Davis and I need to check my account balance. My savings account. And I think that will be all. Thank you very much.",hi name mary davis need check account balance saving account think thank much,
0b153339c9184252.wav," Hi, my name is Linda Miller. I would like to reset my password. One, two, nine, three, five, three, seven, four, zero, two. Yes. Okay, thank you so much. Now that's it. Thank you.",hi name linda miller would like reset password one two nine three five three seven four zero two yes okay thank much thats thank,
0b41e7d162844d45.wav," Hi, my name is Patricia. So, Patricia, David. I would like to reset my password. So, my phone number is 5070001892. No, the actual URL I need for today. Thank you so much. You too. Bye.",hi name patricia patricia david would like reset password phone number actual url need today thank much bye,
0b590e61350b4b53.wav," Hi, my name is Elizabeth Williams. I need a new checkbook. My address is 500 first street, forest wrench, Oregon, 46896, 46896. Nope, that's gonna be it. Use to it.",hi name elizabeth williams need new checkbook address first street forest wrench oregon nope thats gonna use,
0b5d3de182a04159.wav," Hi, my name is Robert Garcia. I need to check my account balance. My savings account. No, that will be all. You too, Lily.",hi name robert garcia need check account balance saving account lily,
0b713578170540c2.wav," Hi, my name is Patricia Miller. I would like to transfer money between my accounts. Yes, I would like to transfer money between my accounts. Thanks. Thanks. The amount is $117. My checking account. Two My Savings account. No, that will be all for today. Bye.",hi name patricia miller would like transfer money account yes would like transfer money account thanks thanks amount checking account two saving account today bye,
0b9480707d274d2b.wav," Yes, hi. My name is Patricia. I would like to check my account. I'm sorry, I need a new checkbook. My address is 546 main street, Harper Valley, California. 6469088. Yes, that's correct. No, that's everything. Thank you very much. Thank you, you too. Bye.",yes hi name patricia would like check account im sorry need new checkbook address main street harper valley california yes thats correct thats everything thank much thank bye,
0bb871fd99d6437f.wav," Hi, my name is Jennifer Brown. I would like to schedule an appointment. I'm going to schedule an appointment. 945 AM. No, thank you that was all. Bye.",hi name jennifer brown would like schedule appointment im going schedule appointment thank bye,
0bbbedb40f224e9a.wav," Hi, my name is David Johnson. I lost my credit card. Can you send me a new one? Yes. No, sorry. No, sorry.",hi name david johnson lost credit card send new one yes sorry sorry,
0bc276cb4aa24507.wav," Hi, my name is Linda Mila. I would like to pay a bill. Your guest, یQ hash al poor elites, 5 6 3 3 5 $122 even. No doubts or anything I put today, thanks a lot. Use well, bye.",hi name linda mila would like pay bill guest q hash al poor elite even doubt anything put today thanks lot use well bye,
0bf0d8398c574373.wav," Hello, this is Harper Valley National Bank. My name is John. How can I help you today? What is the transfer amount please? What is the source account? What is the destination account? I have transferred $69 from your checking account to your savings account. Is there anything else I can help you with? Thank you for calling. You really made a lot of money gone? How to break it?",hello harper valley national bank name john help today transfer amount please source account destination account transferred checking account saving account anything else help thank calling really made lot money gone break,
0bf2b746d42b4f84.wav," Hi, my name is Elizabeth Jones. Hi, my name is Elizabeth Jones. I would like to pay a bill. Smart Electric. Yeah, smart. I like take. Six, one, eight, first street, forest, ranch, California, five, three, six, two, two. The amount is of $117. You know, that would actually get. Thank you very much. You too. Bye bye.",hi name elizabeth jones hi name elizabeth jones would like pay bill smart electric yeah smart like take six one eight first street forest ranch california five three six two two amount know would actually get thank much bye bye,
0c4dc74de76c4b06.wav," Hi, my name is Linda Davis. I would like to pay a bill. First Street, Forest Ranch. Oregon, Oregon. 39983. $143. $143. No, that's all.",hi name linda davis would like pay bill first street forest ranch oregon oregon thats,
0c78f55cf0e3449f.wav," Hi, my name is Michael Davis. I would like to pay a bill. The company is Fossil Gas. The address is 321st Street, Forest Ranch, Oregon, 97882. Yes. It's 97882. The amount of the bill is $108. No, that's going to be it.",hi name michael davis would like pay bill company fossil gas address st street forest ranch oregon yes amount bill thats going,
0c7b8cd8a7374ffc.wav," Hi, my name is Jennifer Rodriguez. I need to check my account balance. I will buy savings account. Okay, thank you very much. That's everything I need in.",hi name jennifer rodriguez need check account balance buy saving account okay thank much thats everything need,
0c98468d8b914ea1.wav," Hi, my name is David Smith. I would like to reset my password. My phone number is 461-425-8668. Thank you. Not all of it. Key to.",hi name david smith would like reset password phone number thank key,
0cae8d624dc04b47.wav, Thank you for calling. This is Hartford Valley National Bank. My name is Jennifer. How can I help you today? Okay. Yes. Which card would you like to replace? Okay. I've ordered your replacement credit card. Is there anything else I can help you with? Thank you for calling. Have a great day.,thank calling hartford valley national bank name jennifer help today okay yes card would like replace okay ive ordered replacement credit card anything else help thank calling great day,
0ceef853f1264ddf.wav," I lost my card. Can you send me a new one? My credit card, please. Yes. I think that's all that I needed today. Thank you so much. You too. Bye-bye.",lost card send new one credit card please yes think thats needed today thank much byebye,
0cf9c220d9a341ed.wav, Hi there. My name is Linda Rodriguez. Today I need to transfer money between my account. My account is $48. From my checking account please. From my checking account please. To my savings account. Thank you so much for your help today. It's here. Bye-bye.,hi name linda rodriguez today need transfer money account account checking account please checking account please saving account thank much help today byebye,
0d48b37580c94ea6.wav," Hi, my name is John Rodriguez. Could you tell me the local branch hours? Okay, great. Thank you. That was everything. Thanks. You too. Bye.",hi name john rodriguez could tell local branch hour okay great thank everything thanks bye,
0d7efd9a397e4e02.wav," Hi, my name is Robert Jones. What are the local branch hours? Okay, thank you. No, that is all. Thank you, YouTube.",hi name robert jones local branch hour okay thank thank youtube,
0de8d60b29d24dfd.wav," Hi, my name is David Wilson. I would like to transfer money between my accounts. The amount is $106. Checking account. Saving account. No.",hi name david wilson would like transfer money account amount checking account saving account,
0dee81761a5c45f9.wav," Hi, my name is Michael Davis. I need to check my account balance. I need to check my account balance. My savings account. I need to check my account balance. I need to check my account balance. I need to check my account balance.",hi name michael davis need check account balance need check account balance saving account need check account balance need check account balance need check account balance,
0df17344420a41d5.wav," Hi, my name is Patricia Williams. I need to check my account balance. I'm going to go to my checking account. Thank you.",hi name patricia williams need check account balance im going go checking account thank,
0df279dab5a44e6c.wav," Hi, my name is Mary Johnson. I would like to schedule an appointment. I would like Friday. 8.45 a.m. Thank you.",hi name mary johnson would like schedule appointment would like friday thank,
0e2ad0dd8a6f4f83.wav," Hi, my name is Patricia Johnson. I need a new checkbook. My address is 7331st Street, Forest Ranch, Oregon, 40779. Beautiful.",hi name patricia johnson need new checkbook address st street forest ranch oregon beautiful,
0e68932d3f014bbf.wav," Hi, my name is Patricia Rodriguez. I would like to pay a bill. The company name is Bustle Bell. The address is 041, 1st Street. Harper Valley, California, 3467. The bill amount is 135 dollars. No, that was going to be it.",hi name patricia rodriguez would like pay bill company name bustle bell address st street harper valley california bill amount dollar going,
0e8b236db74847ae.wav," Hi, my name is James O'Goliam. I would like to schedule another point now. One day, Sunday, 11 a.m. No, that'll be it. detail.",hi name james ogoliam would like schedule another point one day sunday thatll detail,
0ec40e7af4444ad5.wav," Good evening Linda. My name is Patricia Wilson and I would like to check my account balance. My checking account. Great. No, I think that will be it for today. Yourself as well. Bye bye.",good evening linda name patricia wilson would like check account balance checking account great think today well bye bye,
0ec73a168f174a86.wav," Hi, my name is Mary Zoe. I would like to pay a bill. The company name is Smart Electric. The address is 5201st Street, Forest Branch, California, 2074. The amount of the bill is $61. $61. No, thank you. You too. Thank you.",hi name mary zoe would like pay bill company name smart electric address st street forest branch california amount bill thank thank,
0ece8b36d4c148b0.wav," Hi, my name is Elizabeth Wilson. I would like to reset my password. My phone number is 142-641-9842. It's 142-641-9842. No, that was going to be it for today. YouTube. Bye. Thanks.",hi name elizabeth wilson would like reset password phone number going today youtube bye thanks,
0f17604f0b72402f.wav," Hi, my name is James Williams. And I lost my credit card. Can you send me a new one? My credit card? I think that will be all for today. Thanks.",hi name james williams lost credit card send new one credit card think today thanks,
0f4747d1a97f4388.wav," All right, my name is Michael Garcia. I would like to transfer money between my account. Okay. The amount is $111 from my savings account to my checking account. No, that'll all be all for today. Thank you, you too.",right name michael garcia would like transfer money account okay amount saving account checking account thatll today thank,
0f590c57de074605.wav," I Jennifer, my name is Patricia Miller and I need to ask you what are the local branch hours? I see. Nope, that was all I needed. Thank you. Bye bye.",jennifer name patricia miller need ask local branch hour see nope needed thank bye bye,
0f65cbb7a9a34628.wav," Hi, my name is Jennifer Rodriguez. I would like to pay a bill. It is smart electric. It is 434 Main Street, Harper Valley, California, 41488. It is 41488. It is $145. I know that will be all.",hi name jennifer rodriguez would like pay bill smart electric main street harper valley california know,
0f87dc392db84250.wav," Hi, my name is James Brown. I need a new checkbook. No, that's it. Thank you. You too, bye.",hi name james brown need new checkbook thats thank bye,
0f8c2e76e42f44ad.wav," Hi, my name is Michael Wilson. I would like to schedule an appointment. I'm going to see, LT niez favorite link in comments and I will do this next Tuesday. New brazilian services in Twitter test sit directly 4.30 p.m. 4.30 p.m. Now that will be all thank you. Thank you.",hi name michael wilson would like schedule appointment im going see lt niez favorite link comment next tuesday new brazilian service twitter test sit directly pm pm thank thank,
0f8e8b5f72bb4594.wav," Hi, my name is Robert Miller. I would like to transform money between my account. The amount is $111. I'm searching for my savings account to my checking account. Am I checking account? That'll be all thank you.",hi name robert miller would like transform money account amount im searching saving account checking account checking account thatll thank,
0f9b6b19a234407a.wav," Hi, my name is Robert Williams. I need a new checkbook. My address is 349 Main Street. Forest Ranch, California. Bye.",hi name robert williams need new checkbook address main street forest ranch california bye,
0feb6051d777432e.wav," Hi, my name is Patricia Miet, I need a new checkbook. My address is 937, main tree, forest, orange, oregon, 9523. No, 033.",hi name patricia miet need new checkbook address main tree forest orange oregon,
1a1691098ae1400c.wav," Hi, my name is James. I need to check my account balance. My name is account. No, thank you. That will be all for today. Thank you.",hi name james need check account balance name account thank today thank,
1aae0815c5674b3b.wav," Hi, my name is David Jones. I need a new checkbook. Yeah, I need a new checkbook. My address is 0641st Street. Parker Valley, California, 20790. Yeah, it's 20790. No, that was going to be it. You too. Bye.",hi name david jones need new checkbook yeah need new checkbook address st street parker valley california yeah going bye,
1ab5ddcc434d4997.wav," Okay, my name is Michael Brown. I would like to schedule an appointment. Thursday. And look again up to Friday. 145. 145. Now.",okay name michael brown would like schedule appointment thursday look friday,
1ab81ec4157a4a29.wav," Hi, my name is Elizabeth Johnson. I would like to transfer money between my accounts. What's that? From my savings account to my checking account. My checking account? Nope.",hi name elizabeth johnson would like transfer money account whats saving account checking account checking account nope,
1ad1284bc1cf4e33.wav," Hi, my name is Michael J.D. I would like to play a bill. The company is Fawful Gas. 699, 1st Street, 4th Ranch, Oregon, 77079. The amount of the bill is $124. No, I think that's it. Thank you.",hi name michael jd would like play bill company fawful gas st street th ranch oregon amount bill think thats thank,
1b54e6b1d25e45e5.wav," Hi, my name is Jenny Famila. I need a new trackbook. My address is 384 Main Street, Havali, Oregon 23902. No, thank you. Thank you.",hi name jenny famila need new trackbook address main street havali oregon thank thank,
1b5cab5af4764845.wav," Hi, my name is Michael Miller. I would like to reset my password. My phone number is 73799091091. No.",hi name michael miller would like reset password phone number,
1b8d578a554c426a.wav, Hello. Hello. This is Harper Valley National Bank. My name is Patricia. How can I help you today? What is your phone number? Your password reset link has been sent to your phone. Is there anything else I can help you with? Thank you for calling. Have a great day.,hello hello harper valley national bank name patricia help today phone number password reset link sent phone anything else help thank calling great day,
1ba998d93a404df6.wav," Hi, my name is Elizabeth Davis. What are the local branch hours?",hi name elizabeth davis local branch hour,
1bff41c3028e45c8.wav," Hi, my name is John Brown. I would like to pay a bill. The company is Fossil Gas. The company address is 253 Foss, Sleep, Hapah Valley, California, and the zip code is 91909, $123. Thank you. Bye.",hi name john brown would like pay bill company fossil gas company address foss sleep hapah valley california zip code thank bye,
1c4c69c3dc3d470d.wav," Hi, my name is Miss John Brown and I need to order. I'm sorry, I don't need to order. And I need to check my count balance. I'm not checking it. Oh, no, that's all for today. You too. Bye, bye.",hi name miss john brown need order im sorry dont need order need check count balance im checking oh thats today bye bye,
1c4e1b0407594bb9.wav," Hi, Michael. My name is Linda. I wanted to order a new checkbook. My address is 136 Main Street, Forest Branch, California, 50175. I don't think you are too big oil.",hi michael name linda wanted order new checkbook address main street forest branch california dont think big oil,
1c62afe72a494f34.wav," Hi, my name is Jennifer Williams. I lost my credit card. Can you send me a new one? My credit card. Thank you. No, that was it for today. Thanks, you too. Bye.",hi name jennifer williams lost credit card send new one credit card thank today thanks bye,
1c7d9e205d5344e5.wav," Hi, my name is also Linda. My name is Linda Smith. I need a new checkbook please. I need to have it sent to my home address. My home address is 725. First Street and first is spelled F-I-R-S-T, not the number one. And the city is Harper Valley just like the bank and the state is Oregon. 74119. Great. No, you've helped me with everything that I need for today. Thank you so much. Bye-bye.",hi name also linda name linda smith need new checkbook please need sent home address home address first street first spelled first number one city harper valley like bank state oregon great youve helped everything need today thank much byebye,
1c9c4822cbcd4676.wav," Hi, my name is Alisa Petron. I would like to reset my password. My decimal number is 712551 8570. I don't know if that's what I need for today. Thank you so much.",hi name alisa petron would like reset password decimal number dont know thats need today thank much,
1d1ad6e932d44146.wav," Hi, my name is James Johnson. I would like to transfer money between my accounts. The amount is $154.00. From my same account to my checking account. No, that's going to do it. Thank you.",hi name james johnson would like transfer money account amount account checking account thats going thank,
1d31f40348ab4e5a.wav," My name is Jennifer Brown. I lost my credit card. Can you send me a new one? My credit card, please. Nope, that's all. Thank you so much. You too. Bye.",name jennifer brown lost credit card send new one credit card please nope thats thank much bye,
1d412e405c724b25.wav," Hello, this is Haapah Valley National Bank. My name is Jennifer. Welcome. I help you today. Okay. What is the company name? And what is the company address? And what is the bill amount? Okay. Okay. We will send your payment to for silica. Is there anything else I can help you with? Okay. Thank you for calling. Have a good day.",hello haapah valley national bank name jennifer welcome help today okay company name company address bill amount okay okay send payment silica anything else help okay thank calling good day,
1d4a688a2f514fd4.wav," Hi, my name is Jennifer Williams. I would like to schedule an appointment. No, that would be very good today.",hi name jennifer williams would like schedule appointment would good today,
1d7820e0c2b74e3d.wav," I would like to—Hi, my name is Michael Smith. I would like to reset my password. My phone number is 267-376-6783. No, actually that will be it. YouTube, thank you.",would like tohi name michael smith would like reset password phone number actually youtube thank,
1d786543925e4c6a.wav," Hi, my name is Mary Rodriguez. What are the local branch showers? I'm sorry, what did you say? Yeah, what are the local branch showers? Okay. No, that was going to be it. Bye.",hi name mary rodriguez local branch shower im sorry say yeah local branch shower okay going bye,
1dcef09fb6374319.wav," Hi, my name is Jennifer Garcia. I would like to transfer money between my accounts. The amount is $102. From my savings account. From my savings account. To my checking account. No, thank you.",hi name jennifer garcia would like transfer money account amount saving account saving account checking account thank,
1e2252fb09214f48.wav," Hi, my name is Patricia Miller. I would like to transfer money between my accounts. It's $121. I would like to transfer the money from my checking account to my savings account. My savings account. $121. Okay. No, that's all. Thank you. You can.",hi name patricia miller would like transfer money account would like transfer money checking account saving account saving account okay thats thank,
1e47d21492244b04.wav," Hi, my name is John Brown. I would like to transfer money between my accounts. So my saving account to my checking account is going to be $87. The savings? My checking. No, that'll be all.",hi name john brown would like transfer money account saving account checking account going saving checking thatll,
1e5176a3c04742fa.wav," Hi, my name is David Wilson. I would like to reset my password. My phone number is 722-574-1878. No, thank you.",hi name david wilson would like reset password phone number thank,
1ef109d2f8424c01.wav," Hi, Elizabeth. My name is Patricia Miller. I was wondering if what your local branch hours are. Wonderful. Thank you. No, that would be it. Thank you, bye-bye.",hi elizabeth name patricia miller wondering local branch hour wonderful thank would thank byebye,
1f51347aeabe4f39.wav," Hi. Are you guys? Yes. Hi, my name is Elizabeth. Hi, my name is Elizabeth Rodriguez. Hi, my name is Elizabeth Rodriguez. Hi, my name is Elizabeth Rodriguez. Hi, my name is Elizabeth Rodriguez. Hi, my name is Elizabeth Rodriguez. Hi, my name is Elizabeth Rodriguez. Yes, I need a new checkbook. 340, 1st Street, Harper Valley, California, 36523. Yes, 36523. For today. Thanks, you too. Okay, bye-bye.",hi guy yes hi name elizabeth hi name elizabeth rodriguez hi name elizabeth rodriguez hi name elizabeth rodriguez hi name elizabeth rodriguez hi name elizabeth rodriguez hi name elizabeth rodriguez yes need new checkbook st street harper valley california yes today thanks okay byebye,
1f7e8fcf454842ce.wav," Hi, my name is James Smith. I would like to schedule an appointment. I'm James D. 8.30 AM. No, that'll be it. Thank you. You two.",hi name james smith would like schedule appointment im james thatll thank two,
f070581705744ace.wav," Yes, hi, ma'am. You stay with Wilson and I need to order some checkbooks. I'm going to go to the right, first street, Harper Valley, Oregon, as it goes 11, 2, 4, 5. Oh no, that's off her day. YouTube, I way.",yes hi maam stay wilson need order checkbook im going go right first street harper valley oregon go oh thats day youtube way,
f083e9aefede4f26.wav," Hi, my name is Jennifer Jones. I'm one of the local bank showers. No, thank you. That was it. You too.",hi name jennifer jones im one local bank shower thank,
f1111739bd834aa1.wav," Hi, my name is Jennifer Johnson. I would like to reset my password. My number is 706, 085, 6889. Correct. That will be all, thank you.",hi name jennifer johnson would like reset password number correct thank,
f13b0caf578f4a74.wav," Hi, my name is Elizabeth Brown. I lost my debit card. Can you send me a new one? No, thank you. That was it. You did.",hi name elizabeth brown lost debit card send new one thank,
f17b47da27c449e0.wav," Hi. My name is Mary Miller. I need a new checkbook, please. My address is 825, main street, forest ranch, California, 337, 322. So, 337, 322. So, 337, 2. Thank you.",hi name mary miller need new checkbook please address main street forest ranch california thank,
f1833427d3a24ea8.wav," Yeah, I'm in the list of the Davis. I need the original checkbooks. Okay, it is 596. Main Street. 4 Strange. California. And the zip code is 978886. I'm not at all. You too, bye-bye.",yeah im list davis need original checkbook okay main street strange california zip code im byebye,
f188899db7cd458a.wav, My name is James Jones. I need to take my account balance. Please do not buy checking account please. Okay thank you so much. No that's all. No that's all today. You too. Bye.,name james jones need take account balance please buy checking account please okay thank much thats thats today bye,
f19d049c3ae54422.wav," Hello, this is Harper Valley National Bank. My name is James. How can I help you today? I'm a guard in which you like to replace. I've ordered your replacement debit card. Is there anything else I can help you with? Three to four business days. You're welcome. Is there anything else I can help you with? Thank you for calling. Have a great day.",hello harper valley national bank name james help today im guard like replace ive ordered replacement debit card anything else help three four business day youre welcome anything else help thank calling great day,
f26820c2fd1445bd.wav," Hi, my name is Elizabeth Smith. I need a new checkbook. My address is 855 Main Street, Forest Ranch, Oregon, 62961. That's it. Thank you so much. You too, take care.",hi name elizabeth smith need new checkbook address main street forest ranch oregon thats thank much take care,
f276464c404a47e2.wav," I'm Hi, my name is Elizabeth Garcia. I lost my credit card. Can you send me a new one? No, thank you. Okay, bye now.",im hi name elizabeth garcia lost credit card send new one thank okay bye,
f30fe0cefb794198.wav," Hi, my name is Robert Johnson. I need a new checkbook. My address is 402 Main Street Forest Ranch, 424837. 42837. No thank you, that was it. Thank you for your help.",hi name robert johnson need new checkbook address main street forest ranch thank thank help,
f340f2934ef04530.wav," Hi, my name is Elizabeth Miller. What are the local branch hours? And your location, down under here is 47 photoclulation, how many people do you have? HAS ARESo we are finally launching the Web 비�<|te|> pudding.",hi name elizabeth miller local branch hour location photoclulation many people areso finally launching web te pudding,
f3727c2eb90042c9.wav," Hi, my name is Linda Miller. I would like to reset my password. My phone number is 117-769-8761. No, thank you.",hi name linda miller would like reset password phone number thank,
f398737da1834ccb.wav," Hi, my name is David Miller. I would like to transfer money between my accounts. The amount is $151. From my checking account to my savings account. From my checking account to my savings account. No thank you.",hi name david miller would like transfer money account amount checking account saving account checking account saving account thank,
f39aaffdd5d046b1.wav," Hi, my name is Barbara Smith. What are your local branch hours? Okay, thank you. No, thank you. Have a good YouTube. No, thank you. Have a good... YouTube, bye.",hi name barbara smith local branch hour okay thank thank good youtube thank good youtube bye,
f39db1f65ed04810.wav," Hi, my name is Mary Brown. I lost my credit card. Can you send me a new one? No, that was all. Thank you very much. You too.",hi name mary brown lost credit card send new one thank much,
f468128fbde04149.wav, My name is James Jones. I would like to transfer money between my accounts. The transfer amount is $72. Savings. Checking. Thank you.,name james jones would like transfer money account transfer amount saving checking thank,
f4746f9fedbf4ee5.wav," Hi, my name is John Williams. What are the local branch hours? Do you have measurements? No. ...",hi name john williams local branch hour measurement,
f47c6a470d6c4aa6.wav, My name is Patricia Rodriguez. I would like to pay a bill. The company is fossil gas. This is 118 Main Street. California. $126. That was going to be it for today.,name patricia rodriguez would like pay bill company fossil gas main street california going today,
f51ec0c7d714424b.wav," Hi, my name is David Miller. I need a new tech book. My address is 440 Main Street, Harper Valley, Oregon, 97213. Yeah, that is all. Thank you for you too.",hi name david miller need new tech book address main street harper valley oregon yeah thank,
f52d4b1915584dff.wav," Hello, this is Harper Valley National Bank. My name is John. How can I help you today? What is the company name? That is the company address. What is the bill amount? We will send your payment to Smart Electric. Is there anything else I can help you with? Thank you for calling. Have a great day.",hello harper valley national bank name john help today company name company address bill amount send payment smart electric anything else help thank calling great day,
f532ec6868af4fd6.wav," Hi, my name is David Milo. I'd like to order a new sample. Address is 397, main street, Hapa Valley, California, 83446. Thank you for watching today. Bye!",hi name david milo id like order new sample address main street hapa valley california thank watching today bye,
f53f80ae25164926.wav," Hi, my name is Linda Jones. I would like to reset my password. 929-056-2089 No, that's all they have. I need it today. Thanks a lot. You as well. Bye.",hi name linda jones would like reset password thats need today thanks lot well bye,
f56a927ba1f643f7.wav," Hello, this is Harper Valley National Bank. My name is Linda. How can I help you today? What is the transfer amount? What is the source account? What is the destination account? $113 has been transferred from your savings account to your checking account. Is there anything else I can help you with? Thank you for calling. Have a great day.",hello harper valley national bank name linda help today transfer amount source account destination account transferred saving account checking account anything else help thank calling great day,
f58e468ecd80474d.wav," Hi, my name is John Jones. I would like to transfer money between my account. Okay. Saving. Oh, excuse me. hundred and 36 dollars. 126 dollars. Saving. Checking. No, that's it. Thank you very much. Bye-bye.",hi name john jones would like transfer money account okay saving oh excuse hundred dollar dollar saving checking thats thank much byebye,
f596326a596a4bcc.wav," My name is Linda Jones. I need a new checkbook. It's 7-9-8, First Street. It's Forest Ranch. Yes. Oregon. It's 83065. That's all. You see. Bye-bye.",name linda jones need new checkbook first street forest ranch yes oregon thats see byebye,
f6265bb9bd98409d.wav," Hi, my name is Robert Davis. I would like to schedule an appointment. I'm Sunday. 4.30 p.m. No, thank you. That was it. You do.",hi name robert davis would like schedule appointment im sunday pm thank,
f668f0034b4f4e97.wav," Hi, my name is Jennifer Davis. I need a new checkbook. My address is 0371st Street and first is spelled out, S-I-R-S-T. First, ranch, two words in California. 44954. Yes, 44954. No, that's all I need for today. Thank you so much for your help. You too.",hi name jennifer davis need new checkbook address st street first spelled sirst first ranch two word california yes thats need today thank much help,
f6954d062b2444c1.wav," Hi, my name is Glinda Davis. I need to check my account balance. That is nice. My service account. No, that's all I need to help. We'll put to the return file up. You are the right. Bye.",hi name glinda davis need check account balance nice service account thats need help well put return file right bye,
f7010963937449d3.wav," Hi, my name is Jennifer Johnson. I would like to pay a bill. The company is smart electric. The address is 016 main street, Harper Valley, Oregon, 445-04. The amount of the bill is 162 dollars. The amount of the bill is 162 dollars. The amount of the bill is 162 dollars.",hi name jennifer johnson would like pay bill company smart electric address main street harper valley oregon amount bill dollar amount bill dollar amount bill dollar,
f74d2f4499664b40.wav," Hi, my name is Patricia Jones. I need to check my account balance. Can I check my account? Okay, thank you. No, that'll do it. Thank you.",hi name patricia jones need check account balance check account okay thank thatll thank,
f752f5e5b7f34adf.wav," Hi, my name is James William. I need a new checkbook. It is 307 Main Street, Forest Branch, California. 79949. No, that'll be all. Each year.",hi name james william need new checkbook main street forest branch california thatll year,
f78667d43e34400b.wav," Hi, my name is Michael Johnson. I would like to pay a bill. I'm going to start electric. The address is 579 Main Street, Forest Ranch, California. 77932. The amount of the bill is $131. No, that is all. Thank you. You too.",hi name michael johnson would like pay bill im going start electric address main street forest ranch california amount bill thank,
f7891ff150d24238.wav," Hello, my name is Michael Davis. I lost my credit card. Can you send me a new one? Yes, my credit card. No, thank you. That was all. You too. Bye bye.",hello name michael davis lost credit card send new one yes credit card thank bye bye,
f78be9dcf2d54334.wav," Hi, my name is John Rodriguez. I need to check my account balance. My checking account. 49 dollars already. No, that will be all. YouTube, thank you very much.",hi name john rodriguez need check account balance checking account dollar already youtube thank much,
f793221722af4fe5.wav," Hi, my name is Robert Williams. I would like to reset my password. My phone number is 179-531-2699. Nope, that's gonna be it. Thank you.",hi name robert williams would like reset password phone number nope thats gonna thank,
f85f8bc3b7cc47ba.wav," Hi, my name is Patricia Jones. I would like to trip for money between my accounts. The amount is $84. From my checking account, I would like to check my account. To my savings account. Thank you.",hi name patricia jones would like trip money account amount checking account would like check account saving account thank,
f8875f281dc1427a.wav," Hi, my name is Patricia Johnson. I love my credit card. Can you send me a new one? Oh, my credit card. Yes, please. No, thank you. That's going to be all for today. All right, you as well. Bye bye.",hi name patricia johnson love credit card send new one oh credit card yes please thank thats going today right well bye bye,
f92c9662d77a4645.wav," Hi, my name is Michael Brown. I would like to reset my password. My phone number is 0261341710. Now that will be all.",hi name michael brown would like reset password phone number,
f97b4e058aa04216.wav," Hi, my name is Michael Brown. I would like to pay a bill. The company is Bossal Gas. The address is 478 Main Street, Harper Valley, California, 15473. The amount of the bill is $60. No, thank you.",hi name michael brown would like pay bill company bossal gas address main street harper valley california amount bill thank,
f98d168b9f49447d.wav," Hi, my name is Linda Johnson and I was wondering what is the lack of branch hours? My name is Linda Johnson and I was wondering what is the lack of branch hours?",hi name linda johnson wondering lack branch hour name linda johnson wondering lack branch hour,
f9f57c44d80d4d75.wav," Hi, my name is Michael Johnson. I would like to pay a bill. The company is Fossil Gas. $121. That's it. Thank you.",hi name michael johnson would like pay bill company fossil gas thats thank,
fa2815e49ec64538.wav," Hi, my name is Patricia Smith. I would like to transfer money between my accounts. The amount is $141. The amount is $141. From my checking account to my savings account.",hi name patricia smith would like transfer money account amount amount checking account saving account,
fa2b92ec375b45d4.wav," I'm Ryan, my name is Patricia Johnson, and I lost my debit card. Can you send me a move? Hello. My, I lost my debit card, and I need a move. No, that's all. Thank you so much. That was very fast. That's all. You had a good day, too. Thank you so much.",im ryan name patricia johnson lost debit card send move hello lost debit card need move thats thank much fast thats good day thank much,
fa69eec631834983.wav," Hi, my name is Mary Garcia. I need a new checkbook. My address is 413, 1st Street, 4th Ranch, California, 92885. 92885. 92885. No, thank you.",hi name mary garcia need new checkbook address st street th ranch california thank,
fa9cc187b49b4c89.wav," Hi, my name is Robert Wilson. I would like to transfer money between my accounts. The amount is $66 from my checking account to my savings account. Now that was all YouTube.",hi name robert wilson would like transfer money account amount checking account saving account youtube,
fac8f08ea8414310.wav," Hi, my name is Linda Johnson. Linda Wilson. I would like to transfer money between my account. The amount is $116. The source account is my savings account. The destination account is my checking account. No, that was going to be it. Bye.",hi name linda johnson linda wilson would like transfer money account amount source account saving account destination account checking account going bye,
faecc73e62614249.wav," Hi, my name is Mary Smith. I lost my credit card. Can you send me a new one? My credit card? Um, nope, that was it. You too?",hi name mary smith lost credit card send new one credit card um nope,
faf12706cc9245f5.wav," Now this is Miss Johnson and I'll also have credit card. I'm going to send me a new one. I'm going to send you a credit card. No, that's all for today. Thank you, too. Bye, bye.",miss johnson ill also credit card im going send new one im going send credit card thats today thank bye bye,
faf99f6f141845d2.wav," Hi, my name is Linda Davis. I would like to transfer money between my accounts. From my savings account to my checking account, the amount is $65. No thank you.",hi name linda davis would like transfer money account saving account checking account amount thank,
fb035f9280074363.wav," Hi, my name is Chris. I wanted to know my account balance. My savings account. Thank you.",hi name chris wanted know account balance saving account thank,
fb0907e0edbc4b15.wav," Hello. Hello. Hi. My name is Jennifer Brown. I need to check my account balance so that I could. Hello. No problem. No, I don't think so. Thank you so much. Have a good day.",hello hello hi name jennifer brown need check account balance could hello problem dont think thank much good day,
fb6313dc5a674409.wav," Hi, my name is Michael Johnson. I would like to pay a bill. The company is Smart Electric. The address is 885, 1st Street, Harper Valley, California, 72380. 72380. The amount of the bill is $77. No, thank you.",hi name michael johnson would like pay bill company smart electric address st street harper valley california amount bill thank,
fb6437545dd94223.wav," Hi, my name is Patricia Rodriguez. I would like to pay a bill. The company is Fawful Gas. The address is 656 Main Street Forest Ranch, California, 22362. The amount of the bill is $144. No, thank you. You too, take it.",hi name patricia rodriguez would like pay bill company fawful gas address main street forest ranch california amount bill thank take,
fb6cf856476648c9.wav," Hi, my name is Michael Williams. I lost my debit card. Can you send me anyone? My debit card. No thank you.",hi name michael williams lost debit card send anyone debit card thank,
fb743318c40c4e6f.wav," Hi, my name is Jennifer Williams. I would like to reset my password. My phone number is 235-972-7426. Thank you so much.",hi name jennifer williams would like reset password phone number thank much,
fb7ffd4bdc004d0c.wav," Hello, this is Harper Valley National Bank. My name is James. How can I help you today? Which card would you like to replace? I've ordered your replacement credit card. Is there anything else I can help you with? Thank you for calling. Have a great day.",hello harper valley national bank name james help today card would like replace ive ordered replacement credit card anything else help thank calling great day,
fb980cb8c7694f3f.wav," Hi, my name is Robert Jones. I need a new checkbox. My answer is 469-134-4-4-4-4-4-1-725-04. Thank you.",hi name robert jones need new checkbox answer thank,
fbac1228c6e94fa0.wav," Hi, my name is Elizabeth Miller. What are the local branch hours? Thank you. Now.",hi name elizabeth miller local branch hour thank,
fbaddaf43b3f4c0b.wav," Hello. I can hear you. Hi. My name is John Garcia. Okay. My name is John Garcia. And I'd like to know what are the local branch powers? Throughout the week, including Sunday? Okay. Thanks a lot. Okay. Bye bye. Thank you.",hello hear hi name john garcia okay name john garcia id like know local branch power throughout week including sunday okay thanks lot okay bye bye thank,
fbf35114ccb44ace.wav, Okay. My name is Robert Garcia. What are the local branch hours? I'm Robert Garcia. So that'll be all. Thank you so much.,okay name robert garcia local branch hour im robert garcia thatll thank much,
fc66c1a1c15546c7.wav, I need to check my account balance. I need to check my account.,need check account balance need check account,
fca5716ccfbe45c4.wav," Hi, my name is Jennifer Brown. I need any checkbooks. So my address is 583 plus 3 4, 5, 6, 7, 8, 8, 8, 8, 8, 8, 8, 8, 8, 8, 8, 8, 8, SYI Espe. onыл All done. 4, 3, 5, 2, 7. No thank you but with all. Bye.",hi name jennifer brown need checkbook address plus syi espe done thank bye,
fdea24591f314af0.wav, My name is Mary Rodriguez and I would like to transfer money between my accounts. The amount is $129. I would like to transfer some of my checking account to my savings account. The source account was my checking account and the destinations was my saving.,name mary rodriguez would like transfer money account amount would like transfer checking account saving account source account checking account destination saving,
fe4b20f68f0d4de3.wav," Hi, my name is Michael Johnson. I would like to schedule an appointment. Friday 4 p.m. Thank you.",hi name michael johnson would like schedule appointment friday pm thank,
fe5a642df4ae45a9.wav," I'd Jennifer. My name is Linda Miller. I need a new checkbook. All right. My address is 133. Excuse me. Main Street. Forest Ranch, California. And zip code is 11426. Nope. That's all I needed. You as well. Thank you.",id jennifer name linda miller need new checkbook right address excuse main street forest ranch california zip code nope thats needed well thank,
fe90f5edffb24a21.wav," Hi, my name is James Miller. I would like to schedule an appointment. Sunday. Two PM. Now. Now.",hi name james miller would like schedule appointment sunday two pm,
feb80666630a4b94.wav," Hi, my name is Mary Brown. I would like to reset my password. My phone number is 5901481670.",hi name mary brown would like reset password phone number,
feb82e86eb764d7f.wav," Hi, my name is Linda Garcia and I would like to reset my password. My phone number is 403-85041500. I think that's going to be the password reset link to sent to my phone. Thank you. You too. Bye now.",hi name linda garcia would like reset password phone number think thats going password reset link sent phone thank bye,
ff0296d00e5e4184.wav," Hi, Linda. My name is Robert Miller. I was wondering what your local branch hours are. Wonderful. Wonderful. Thank you for your help. That's all I needed.",hi linda name robert miller wondering local branch hour wonderful wonderful thank help thats needed,
